,name,diet,period,lived_in,type,length,species,link
0,aardonyx,herbivorous,Early Jurassic 199-189 million years ago,South Africa,sauropod,8.0m,celestae,https://www.nhm.ac.uk/discover/dino-directory/aardonyx.html
1,abelisaurus,carnivorous,Late Cretaceous 74-70 million years ago,Argentina,large theropod,9.0m,comahuensis,https://www.nhm.ac.uk/discover/dino-directory/abelisaurus.html
2,achelousaurus,herbivorous,Late Cretaceous 83-70 million years ago,USA,ceratopsian,6.0m,horneri,https://www.nhm.ac.uk/discover/dino-directory/achelousaurus.html
3,achillobator,carnivorous,Late Cretaceous 99-84 million years ago,Mongolia,large theropod,5.0m,giganteus,https://www.nhm.ac.uk/discover/dino-directory/achillobator.html
4,acrocanthosaurus,carnivorous,Early Cretaceous 115-105 million years ago,USA,large theropod,12.0m,atokensis,https://www.nhm.ac.uk/discover/dino-directory/acrocanthosaurus.html
5,aegyptosaurus,herbivorous,Late Cretaceous 98-93 million years ago,Egypt,sauropod,15.0m,baharijensis,https://www.nhm.ac.uk/discover/dino-directory/aegyptosaurus.html
6,afrovenator,carnivorous,Early Cretaceous 132-121 million years ago,Niger,large theropod,9.0m,abakensis,https://www.nhm.ac.uk/discover/dino-directory/afrovenator.html
7,agilisaurus,herbivorous,Late Jurassic 169-159 million years ago,China,euornithopod,1.5m,louderbacki,https://www.nhm.ac.uk/discover/dino-directory/agilisaurus.html
8,alamosaurus,herbivorous,Late Cretaceous 70-65 million years ago,USA,sauropod,21.0m,sanjuanensis,https://www.nhm.ac.uk/discover/dino-directory/alamosaurus.html
9,albertaceratops,herbivorous,Late Cretaceous 80-75 million years ago,USA,ceratopsian,7.0m,nesmoi,https://www.nhm.ac.uk/discover/dino-directory/albertaceratops.html
10,albertosaurus,carnivorous,Late Cretaceous 76-74 million years ago,Canada,large theropod,9.0m,libratus,https://www.nhm.ac.uk/discover/dino-directory/albertosaurus.html
11,alectrosaurus,carnivorous,Late Cretaceous 90-70 million years ago,Mongolia,large theropod,5.0m,olseni,https://www.nhm.ac.uk/discover/dino-directory/alectrosaurus.html
12,alioramus,carnivorous,Late Cretaceous 71-65 million years ago,Mongolia,large theropod,6.0m,remotus,https://www.nhm.ac.uk/discover/dino-directory/alioramus.html
13,allosaurus,carnivorous,Late Jurassic 156-144 million years ago,USA,large theropod,12.0m,fragilis,https://www.nhm.ac.uk/discover/dino-directory/allosaurus.html
14,alvarezsaurus,carnivorous,Late Cretaceous 89-85 million years ago,Argentina,small theropod,2.0m,calvoi,https://www.nhm.ac.uk/discover/dino-directory/alvarezsaurus.html
15,amargasaurus,herbivorous,Early Cretaceous 132-127 million years ago,Argentina,sauropod,12.0m,cazaui,https://www.nhm.ac.uk/discover/dino-directory/amargasaurus.html
16,ammosaurus,herbivorous,Early Jurassic 195-180 million years ago,USA,sauropod,5.0m,major,https://www.nhm.ac.uk/discover/dino-directory/ammosaurus.html
17,ampelosaurus,herbivorous,Late Cretaceous 71-65 million years ago,France,sauropod,15.0m,atacis,https://www.nhm.ac.uk/discover/dino-directory/ampelosaurus.html
18,amygdalodon,herbivorous,Mid Jurassic 177-169 million years ago,Argentina,sauropod,15.0m,patagonicus,https://www.nhm.ac.uk/discover/dino-directory/amygdalodon.html
19,anchiceratops,herbivorous,Late Cretaceous 74-70 million years ago,Canada,ceratopsian,6.0m,ornatus,https://www.nhm.ac.uk/discover/dino-directory/anchiceratops.html
20,anchisaurus,herbivorous,Early Jurassic 190 million years ago,USA,sauropod,2.0m,polyzelous,https://www.nhm.ac.uk/discover/dino-directory/anchisaurus.html
21,ankylosaurus,herbivorous,Late Cretaceous 74-67 million years ago,USA,armoured dinosaur,7.0m,magniventris,https://www.nhm.ac.uk/discover/dino-directory/ankylosaurus.html
22,anserimimus,carnivorous,Late Cretaceous 84-65 million years ago,Mongolia,large theropod,3.5m,planinychus,https://www.nhm.ac.uk/discover/dino-directory/anserimimus.html
23,antarctosaurus,herbivorous,Late Cretaceous 84-65 million years ago,Uruguay,sauropod,18.0m,wichmannianus,https://www.nhm.ac.uk/discover/dino-directory/antarctosaurus.html
24,apatosaurus,herbivorous,Late Jurassic 154-145 million years ago,USA,sauropod,21.0m,ajax,https://www.nhm.ac.uk/discover/dino-directory/apatosaurus.html
25,aragosaurus,herbivorous,Early Cretaceous 132-121 million years ago,Spain,sauropod,18.0m,ischiadicus,https://www.nhm.ac.uk/discover/dino-directory/aragosaurus.html
26,aralosaurus,herbivorous,Late Cretaceous 94-84 million years ago,Kazakhstan,euornithopod,8.0m,tuberiferus,https://www.nhm.ac.uk/discover/dino-directory/aralosaurus.html
27,archaeoceratops,herbivorous,Early Cretaceous 121-99 million years ago,China,ceratopsian,1.3m,oshimai,https://www.nhm.ac.uk/discover/dino-directory/archaeoceratops.html
28,archaeopteryx,carnivorous,Late Jurassic 147 million years ago,Germany,small theropod,0.5m,lithographica,https://www.nhm.ac.uk/discover/dino-directory/archaeopteryx.html
29,archaeornithomimus,carnivorous,Late Cretaceous 95-70 million years ago,Uzbekistan,small theropod,3.5m,asiaticus,https://www.nhm.ac.uk/discover/dino-directory/archaeornithomimus.html
30,argentinosaurus,herbivorous,Late Cretaceous 90 million years ago,Argentina,sauropod,35.0m,huinculensis,https://www.nhm.ac.uk/discover/dino-directory/argentinosaurus.html
31,arrhinoceratops,herbivorous,Late Cretaceous 72-67 million years ago,Canada,ceratopsian,6.0m,brachyops,https://www.nhm.ac.uk/discover/dino-directory/arrhinoceratops.html
32,atlascopcosaurus,herbivorous,Early Cretaceous 121-97 million years ago,Australia,euornithopod,3.0m,loadsi,https://www.nhm.ac.uk/discover/dino-directory/atlascopcosaurus.html
33,aucasaurus,carnivorous,Late Cretaceous 84-71 million years ago,Argentina,large theropod,5.0m,garridoi,https://www.nhm.ac.uk/discover/dino-directory/aucasaurus.html
34,austrosaurus,herbivorous,Early Cretaceous 112-99 million years ago,Australia,sauropod,15.0m,mckillopi,https://www.nhm.ac.uk/discover/dino-directory/austrosaurus.html
35,avaceratops,herbivorous,Late Cretaceous 80-75 million years ago,USA,ceratopsian,2.3m,lammersi,https://www.nhm.ac.uk/discover/dino-directory/avaceratops.html
36,avimimus,omnivorous,Late Cretaceous 80-75 million years ago,Mongolia,small theropod,1.5m,portentosus,https://www.nhm.ac.uk/discover/dino-directory/avimimus.html
37,bactrosaurus,herbivorous,Late Cretaceous 84-71 million years ago,China,euornithopod,6.0m,johnsoni,https://www.nhm.ac.uk/discover/dino-directory/bactrosaurus.html
38,bagaceratops,herbivorous,Late Cretaceous 85-80 million years ago,Mongolia,ceratopsian,1.0m,rozhdestvenskyi,https://www.nhm.ac.uk/discover/dino-directory/bagaceratops.html
39,bambiraptor,carnivorous,Late Cretaceous 84-71 million years ago,USA,small theropod,1.0m,feinbergorum,https://www.nhm.ac.uk/discover/dino-directory/bambiraptor.html
40,barapasaurus,herbivorous,Early Jurassic 185-170 million years ago,India,sauropod,14.0m,tagorei,https://www.nhm.ac.uk/discover/dino-directory/barapasaurus.html
41,barosaurus,herbivorous,Late Jurassic 155-145 million years ago,USA,sauropod,24.0m,lentus,https://www.nhm.ac.uk/discover/dino-directory/barosaurus.html
42,baryonyx,carnivorous,Early Cretaceous 125 million years ago,United Kingdom,large theropod,10.0m,walkeri,https://www.nhm.ac.uk/discover/dino-directory/baryonyx.html
43,becklespinax,carnivorous,Early Cretaceous 142-132 million years ago,United Kingdom,large theropod,5.0m,altispinax,https://www.nhm.ac.uk/discover/dino-directory/becklespinax.html
44,beipiaosaurus,omnivorous,Early Cretaceous 127-121 million years ago,China,small theropod,2.0m,inexpectus,https://www.nhm.ac.uk/discover/dino-directory/beipiaosaurus.html
45,bellusaurus,herbivorous,Mid Jurassic 180-159 million years ago,China,sauropod,5.0m,sui,https://www.nhm.ac.uk/discover/dino-directory/bellusaurus.html
46,borogovia,carnivorous,Late Cretaceous 84-65 million years ago,Mongolia,small theropod,1.5m,gracilicrus,https://www.nhm.ac.uk/discover/dino-directory/borogovia.html
47,brachiosaurus,herbivorous,Late Jurassic 155-140 million years ago,USA,sauropod,30.0m,altithorax,https://www.nhm.ac.uk/discover/dino-directory/brachiosaurus.html
48,brachylophosaurus,herbivorous,Late Cretaceous 89-88 million years ago,USA,euornithopod,7.0m,canadensis,https://www.nhm.ac.uk/discover/dino-directory/brachylophosaurus.html
49,brachytrachelopan,herbivorous,Mid Jurassic 150 million years ago,Argentina,sauropod,10.0m,mesai,https://www.nhm.ac.uk/discover/dino-directory/brachytrachelopan.html
50,buitreraptor,carnivorous,Late Cretaceous 99-90 million years ago,Argentina,small theropod,1.3m,gonzalezorum,https://www.nhm.ac.uk/discover/dino-directory/buitreraptor.html
51,camarasaurus,herbivorous,Late Jurassic 150-140 million years ago,USA,sauropod,23.0m,supremus,https://www.nhm.ac.uk/discover/dino-directory/camarasaurus.html
52,camptosaurus,herbivorous,Late Jurassic 155-145 million years ago,USA,euornithopod,5.0m,dispar,https://www.nhm.ac.uk/discover/dino-directory/camptosaurus.html
53,carcharodontosaurus,carnivorous,Late Cretaceous 98-94 million years ago,North Africa,large theropod,15.0m,saharicus,https://www.nhm.ac.uk/discover/dino-directory/carcharodontosaurus.html
54,carnotaurus,carnivorous,Late Cretaceous 70 million years ago,Argentina,large theropod,7.6m,sastrei,https://www.nhm.ac.uk/discover/dino-directory/carnotaurus.html
55,caudipteryx,omnivorous,Early Cretaceous 125-122 million years ago,China,small theropod,1.0m,zoui,https://www.nhm.ac.uk/discover/dino-directory/caudipteryx.html
56,cedarpelta,herbivorous,Early Cretaceous 142-127 million years ago,USA,armoured dinosaur,10.0m,bilbeyhallorum,https://www.nhm.ac.uk/discover/dino-directory/cedarpelta.html
57,centrosaurus,herbivorous,Late Cretaceous 76-74 million years ago,Canada,ceratopsian,6.0m,,https://www.nhm.ac.uk/discover/dino-directory/centrosaurus.html
58,ceratosaurus,carnivorous,Late Jurassic 153-148 million years ago,USA,large theropod,6.0m,nasicornis,https://www.nhm.ac.uk/discover/dino-directory/ceratosaurus.html
59,cetiosauriscus,herbivorous,Mid Jurassic 175-160 million years ago,United Kingdom,sauropod,15.0m,stewarti,https://www.nhm.ac.uk/discover/dino-directory/cetiosauriscus.html
60,cetiosaurus,herbivorous,Mid Jurassic 170-160 million years ago,United Kingdom,sauropod,18.0m,oxoniensis,https://www.nhm.ac.uk/discover/dino-directory/cetiosaurus.html
61,chaoyangsaurus,herbivorous,Late Jurassic 152-145 million years ago,China,ceratopsian,1.1m,youngi,https://www.nhm.ac.uk/discover/dino-directory/chaoyangsaurus.html
62,chasmosaurus,herbivorous,Late Cretaceous 76-74 million years ago,Canada,ceratopsian,5.0m,,https://www.nhm.ac.uk/discover/dino-directory/chasmosaurus.html
63,chindesaurus,carnivorous,Late Triassic 227-210 million years ago,USA,small theropod,4.0m,bryansmalli,https://www.nhm.ac.uk/discover/dino-directory/chindesaurus.html
64,chinshakiangosaurus,herbivorous,Late Jurassic 159-142 million years ago,China,sauropod,11.0m,zhongheensis,https://www.nhm.ac.uk/discover/dino-directory/chinshakiangosaurus.html
65,chirostenotes,omnivorous,Late Jurassic 79-67 million years ago,Canada,small theropod,1.7m,pergracilis,https://www.nhm.ac.uk/discover/dino-directory/chirostenotes.html
66,chubutisaurus,herbivorous,Early Cretaceous 112-99 million years ago,Argentina,sauropod,23.0m,insignis,https://www.nhm.ac.uk/discover/dino-directory/chubutisaurus.html
67,chungkingosaurus,herbivorous,Late Jurassic 159-142 million years ago,China,armoured dinosaur,4.0m,jiangbeiensis,https://www.nhm.ac.uk/discover/dino-directory/chungkingosaurus.html
68,citipati,omnivorous,Late Cretaceous 81-75 million years ago,Mongolia,small theropod,2.1m,osmolskae,https://www.nhm.ac.uk/discover/dino-directory/citipati.html
69,coelophysis,carnivorous,Late Triassic 225-190 million years ago,Zimbabwe,small theropod,2.0m,,https://www.nhm.ac.uk/discover/dino-directory/coelophysis.html
70,coelurus,carnivorous,Late Jurassic 155-145 million years ago,USA,small theropod,1.8m,fragilis,https://www.nhm.ac.uk/discover/dino-directory/coelurus.html
71,coloradisaurus,omnivorous,Late Triassic 221-210 million years ago,Argentina,sauropod,4.0m,brevis,https://www.nhm.ac.uk/discover/dino-directory/coloradisaurus.html
72,compsognathus,carnivorous,Late Jurassic 145-140 million years ago,Germany,small theropod,0.65m,longipes,https://www.nhm.ac.uk/discover/dino-directory/compsognathus.html
73,conchoraptor,carnivorous,Late Cretaceous 81-76 million years ago,Mongolia,small theropod,1.5m,gracilis,https://www.nhm.ac.uk/discover/dino-directory/conchoraptor.html
74,confuciusornis,carnivorous,Early Cretaceous 127-121 million years ago,China,small theropod,0.25m,sanctus,https://www.nhm.ac.uk/discover/dino-directory/confuciusornis.html
75,corythosaurus,herbivorous,Late Cretaceous 76-74 million years ago,USA,euornithopod,10.0m,casuarius,https://www.nhm.ac.uk/discover/dino-directory/corythosaurus.html
76,cryolophosaurus,carnivorous,Early Jurassic 170 million years ago,Antarctica,large theropod,8.0m,elliotti,https://www.nhm.ac.uk/discover/dino-directory/cryolophosaurus.html
77,dacentrurus,herbivorous,Late Jurassic 154-150 million years ago,United Kingdom,armoured dinosaur,6.0m,armatus,https://www.nhm.ac.uk/discover/dino-directory/dacentrurus.html
78,daspletosaurus,carnivorous,Late Cretaceous 76-74 million years ago,Canada,large theropod,9.0m,torosus,https://www.nhm.ac.uk/discover/dino-directory/daspletosaurus.html
79,datousaurus,herbivorous,Mid Jurassic 170 million years ago,China,sauropod,15.0m,bashanensis,https://www.nhm.ac.uk/discover/dino-directory/datousaurus.html
80,deinocheirus,omnivorous,Late Cretaceous 70-66 million years ago,Mongolia,large theropod,10.0m,mirificus,https://www.nhm.ac.uk/discover/dino-directory/deinocheirus.html
81,deinonychus,carnivorous,Early Cretaceous 120-110 million years ago,USA,small theropod,3.0m,antirrhopus,https://www.nhm.ac.uk/discover/dino-directory/deinonychus.html
82,deltadromeus,carnivorous,Late Cretaceous 99-94 million years ago,Morocco,large theropod,8.1m,agilis,https://www.nhm.ac.uk/discover/dino-directory/deltadromeus.html
83,dicraeosaurus,herbivorous,Late Jurassic 150-135 million years ago,Tanzania,sauropod,20.0m,hansemanni,https://www.nhm.ac.uk/discover/dino-directory/dicraeosaurus.html
84,dilophosaurus,carnivorous,Early Jurassic 190 million years ago,USA,large theropod,6.0m,,https://www.nhm.ac.uk/discover/dino-directory/dilophosaurus.html
85,diplodocus,herbivorous,Late Jurassic 155-145 million years ago,USA,sauropod,26.0m,longus,https://www.nhm.ac.uk/discover/dino-directory/diplodocus.html
86,dromaeosaurus,carnivorous,Late Cretaceous 76-74 million years ago,USA,small theropod,1.8m,albertensis,https://www.nhm.ac.uk/discover/dino-directory/dromaeosaurus.html
87,dromiceiomimus,omnivorous,Late Cretaceous 74-70 million years ago,Canada,large theropod,3.5m,brevitertius,https://www.nhm.ac.uk/discover/dino-directory/dromiceiomimus.html
88,dryosaurus,herbivorous,Late Jurassic 155-140 million years ago,USA,euornithopod,4.0m,altus,https://www.nhm.ac.uk/discover/dino-directory/dryosaurus.html
89,dryptosaurus,carnivorous,Late Cretaceous 84-65 million years ago,USA,large theropod,6.4m,aquilunguis,https://www.nhm.ac.uk/discover/dino-directory/dryptosaurus.html
90,edmontonia,herbivorous,Late Cretaceous 76-74 million years ago,Canada,armoured dinosaur,4.0m,longiceps,https://www.nhm.ac.uk/discover/dino-directory/edmontonia.html
91,edmontosaurus,herbivorous,Late Cretaceous 76-65 million years ago,Canada,euornithopod,13.0m,regalis,https://www.nhm.ac.uk/discover/dino-directory/edmontosaurus.html
92,einiosaurus,herbivorous,Late Cretaceous 74 million years ago,USA,ceratopsian,6.0m,procurvicornis,https://www.nhm.ac.uk/discover/dino-directory/einiosaurus.html
93,elaphrosaurus,carnivorous,Late Jurassic 154-151 million years ago,Tanzania,large theropod,6.2m,bambergi,https://www.nhm.ac.uk/discover/dino-directory/elaphrosaurus.html
94,emausaurus,herbivorous,Mid Jurassic 190-180 million years ago,Germany,armoured dinosaur,2.0m,ernsti,https://www.nhm.ac.uk/discover/dino-directory/emausaurus.html
95,eoraptor,carnivorous,Late Triassic 228 million years ago,Argentina,small theropod,1.0m,lunensis,https://www.nhm.ac.uk/discover/dino-directory/eoraptor.html
96,eotyrannus,carnivorous,Early Cretaceous 127-121 million years ago,United Kingdom,large theropod,5.0m,lengi,https://www.nhm.ac.uk/discover/dino-directory/eotyrannus.html
97,erketu,herbivorous,Early Cretaceous,Mongolia,sauropod,15.0m,ellisoni,https://www.nhm.ac.uk/discover/dino-directory/erketu.html
98,erlikosaurus,omnivorous,Late Cretaceous 99-89 million years ago,Mongolia,small theropod,3.4m,andrewsi,https://www.nhm.ac.uk/discover/dino-directory/erlikosaurus.html
99,euhelopus,herbivorous,Late Jurassic 154-142 million years ago,China,sauropod,10.0m,zdanskyi,https://www.nhm.ac.uk/discover/dino-directory/euhelopus.html
100,euoplocephalus,herbivorous,Late Cretaceous 76-70 million years ago,USA,armoured dinosaur,7.0m,,https://www.nhm.ac.uk/discover/dino-directory/euoplocephalus.html
101,europasaurus,herbivorous,Late Jurassic 154-151 million years ago,Germany,sauropod,6.2m,holgeri,https://www.nhm.ac.uk/discover/dino-directory/europasaurus.html
102,eustreptospondylus,carnivorous,Mid Jurassic 165 million years ago,United Kingdom,large theropod,7.0m,oxoniensis,https://www.nhm.ac.uk/discover/dino-directory/eustreptospondylus.html
103,fukuiraptor,carnivorous,Early Cretaceous 121-99 million years ago,Japan,large theropod,4.2m,kitadaniensis,https://www.nhm.ac.uk/discover/dino-directory/fukuiraptor.html
104,fukuisaurus,herbivorous,Early Cretaceous 121-99 million years ago,Japan,euornithopod,4.7m,tetoriensius,https://www.nhm.ac.uk/discover/dino-directory/fukuisaurus.html
105,gallimimus,omnivorous,Late Cretaceous 74-70 million years ago,Mongolia,large theropod,6.0m,bullatus,https://www.nhm.ac.uk/discover/dino-directory/gallimimus.html
106,gargoyleosaurus,herbivorous,Late Jurassic 154-142 million years ago,USA,armoured dinosaur,4.0m,parkpinorum,https://www.nhm.ac.uk/discover/dino-directory/gargoyleosaurus.html
107,garudimimus,omnivorous,Late Cretaceous 99-89 million years ago,Mongolia,large theropod,4.7m,brevipes,https://www.nhm.ac.uk/discover/dino-directory/garudimimus.html
108,gasosaurus,carnivorous,Mid Jurassic 170-160 million years ago,China,small theropod,4.0m,constructus,https://www.nhm.ac.uk/discover/dino-directory/gasosaurus.html
109,gasparinisaura,herbivorous,Late Cretaceous 86-71 million years ago,Argentina,euornithopod,0.8m,cincosaltensis,https://www.nhm.ac.uk/discover/dino-directory/gasparinisaura.html
110,gastonia,herbivorous,Early Cretaceous 142-127 million years ago,USA,armoured dinosaur,4.6m,burgei,https://www.nhm.ac.uk/discover/dino-directory/gastonia.html
111,giganotosaurus,carnivorous,Early Cretaceous 112-90 million years ago,Argentina,large theropod,12.5m,carolinii,https://www.nhm.ac.uk/discover/dino-directory/giganotosaurus.html
112,gilmoreosaurus,herbivorous,Late Cretaceous 76-70 million years ago,China,euornithopod,6.0m,mongoliensis,https://www.nhm.ac.uk/discover/dino-directory/gilmoreosaurus.html
113,giraffatitan,herbivorous,Late Jurassic 154-142 million years ago,Tanzania,sauropod,23.0m,brancai,https://www.nhm.ac.uk/discover/dino-directory/giraffatitan.html
114,gobisaurus,herbivorous,Early Cretaceous 121-99 million years ago,China,armoured dinosaur,5.0m,domoculus,https://www.nhm.ac.uk/discover/dino-directory/gobisaurus.html
115,gorgosaurus,carnivorous,Late Cretaceous 80-73 million years ago,USA,large theropod,8.6m,libratus,https://www.nhm.ac.uk/discover/dino-directory/gorgosaurus.html
116,goyocephale,herbivorous,Late Cretaceous 81-75 million years ago,Mongolia,large theropod,2.0m,lattimorei,https://www.nhm.ac.uk/discover/dino-directory/goyocephale.html
117,gryposaurus,herbivorous,Late Cretaceous 86-71 million years ago,USA,euornithopod,10.0m,notabilis,https://www.nhm.ac.uk/discover/dino-directory/gryposaurus.html
118,guaibasaurus,herbivorous,Late Triassic 221-210 million years ago,Brazil,small theropod,1.8m,candelariensis,https://www.nhm.ac.uk/discover/dino-directory/guaibasaurus.html
119,guanlong,carnivorous,Late Jurassic 159-154 million years ago,China,small theropod,3.0m,wucaii,https://www.nhm.ac.uk/discover/dino-directory/guanlong.html
120,hadrosaurus,herbivorous,Late Cretaceous 78-74 million years ago,USA,euornithopod,9.0m,foulkii,https://www.nhm.ac.uk/discover/dino-directory/hadrosaurus.html
121,haplocanthosaurus,herbivorous,Late Jurassic 154-142 million years ago,USA,sauropod,21.5m,priscus,https://www.nhm.ac.uk/discover/dino-directory/haplocanthosaurus.html
122,harpymimus,omnivorous,Early Cretaceous 121-99 million years ago,Mongolia,small theropod,2.0m,okladnikovi,https://www.nhm.ac.uk/discover/dino-directory/harpymimus.html
123,herrerasaurus,carnivorous,Late Triassic 228 million years ago,Argentina,small theropod,3.0m,ischigualastensis,https://www.nhm.ac.uk/discover/dino-directory/herrerasaurus.html
124,hesperosaurus,herbivorous,Late Jurassic 154-142 million years ago,USA,armoured dinosaur,6.0m,mjosi,https://www.nhm.ac.uk/discover/dino-directory/hesperosaurus.html
125,heterodontosaurus,herbivorous,Early Jurassic 205 million years ago,South Africa,euornithopod,1.2m,tucki,https://www.nhm.ac.uk/discover/dino-directory/heterodontosaurus.html
126,heyuannia,omnivorous,Late Cretaceous 72-68 million years ago,Mongolia,small theropod,2.0m,yanshini,https://www.nhm.ac.uk/discover/dino-directory/heyuannia.html
127,homalocephale,herbivorous,Late Cretaceous 72-68 million years ago,Mongolia,euornithopod,1.5m,calathocercos,https://www.nhm.ac.uk/discover/dino-directory/homalocephale.html
128,huayangosaurus,herbivorous,Mid Jurassic 170-160 million years ago,China,armoured dinosaur,4.5m,taibaii,https://www.nhm.ac.uk/discover/dino-directory/huayangosaurus.html
129,hylaeosaurus,herbivorous,Early Cretaceous 150-135 million years ago,United Kingdom,armoured dinosaur,5.0m,armatus,https://www.nhm.ac.uk/discover/dino-directory/hylaeosaurus.html
130,hypacrosaurus,herbivorous,Late Cretaceous 70 million years ago,USA,euornithopod,9.0m,altispinus,https://www.nhm.ac.uk/discover/dino-directory/hypacrosaurus.html
131,hypsilophodon,herbivorous,Early Cretaceous 125 million years ago,United Kingdom,euornithopod,2.3m,foxii,https://www.nhm.ac.uk/discover/dino-directory/hypsilophodon.html
132,iguanodon,herbivorous,Early Cretaceous 140-110 million years ago,United Kingdom,euornithopod,10.0m,bernissartensis,https://www.nhm.ac.uk/discover/dino-directory/iguanodon.html
133,indosuchus,carnivorous,Late Cretaceous 71-65 million years ago,India,large theropod,7.0m,raptorius,https://www.nhm.ac.uk/discover/dino-directory/indosuchus.html
134,irritator,carnivorous,Early Cretaceous 112-99 million years ago,Brazil,large theropod,6.5m,challengeri,https://www.nhm.ac.uk/discover/dino-directory/irritator.html
135,janenschia,herbivorous,Late Jurassic 154-151 million years ago,Tanzania,sauropod,20.0m,robusta,https://www.nhm.ac.uk/discover/dino-directory/janenschia.html
136,jaxartosaurus,herbivorous,Late Cretaceous 94-84 million years ago,Kazakhstan,euornithopod,9.0m,aralensis,https://www.nhm.ac.uk/discover/dino-directory/jaxartosaurus.html
137,jingshanosaurus,herbivorous,Early Jurassic 205-190 million years ago,China,sauropod,5.0m,xinwaensis,https://www.nhm.ac.uk/discover/dino-directory/jingshanosaurus.html
138,jobaria,herbivorous,Early Cretaceous 132-94 million years ago,Niger,sauropod,21.0m,tiguidensis,https://www.nhm.ac.uk/discover/dino-directory/jobaria.html
139,juravenator,carnivorous,Late Jurassic 154-151 million years ago,Germany,small theropod,0.8m,starki,https://www.nhm.ac.uk/discover/dino-directory/juravenator.html
140,kentrosaurus,herbivorous,Late Jurassic 155-150 million years ago,Tanzania,armoured dinosaur,5.0m,aethiopicus,https://www.nhm.ac.uk/discover/dino-directory/kentrosaurus.html
141,khaan,omnivorous,Late Cretaceous 81-75 million years ago,Mongolia,small theropod,1.8m,mckennai,https://www.nhm.ac.uk/discover/dino-directory/khaan.html
142,kotasaurus,herbivorous,Early Jurassic 205-180 million years ago,India,sauropod,9.0m,yamanpalliensis,https://www.nhm.ac.uk/discover/dino-directory/kotasaurus.html
143,kritosaurus,herbivorous,Late Cretaceous 78-74 million years ago,USA,euornithopod,8.0m,navajovius,https://www.nhm.ac.uk/discover/dino-directory/kritosaurus.html
144,lambeosaurus,herbivorous,Late Cretaceous 76-74 million years ago,Canada,euornithopod,9.0m,lambei,https://www.nhm.ac.uk/discover/dino-directory/lambeosaurus.html
145,leaellynasaura,herbivorous,Early Cretaceous 115-110 million years ago,Australia,euornithopod,2.0m,amicagraphica,https://www.nhm.ac.uk/discover/dino-directory/leaellynasaura.html
146,leptoceratops,herbivorous,Late Cretaceous 67-65 million years ago,USA,ceratopsian,3.0m,gracilis,https://www.nhm.ac.uk/discover/dino-directory/leptoceratops.html
147,ligabuesaurus,herbivorous,Early Cretaceous 121-99 million years ago,Argentina,sauropod,24.0m,leanzai,https://www.nhm.ac.uk/discover/dino-directory/ligabuesaurus.html
148,liliensternus,carnivorous,Late Triassic 205-202 million years ago,Germany,small theropod,5.0m,liliensterni,https://www.nhm.ac.uk/discover/dino-directory/liliensternus.html
149,lophorhothon,herbivorous,Late Cretaceous 84-71 million years ago,USA,euornithopod,4.5m,atopus,https://www.nhm.ac.uk/discover/dino-directory/lophorhothon.html
150,lophostropheus,carnivorous,Early Jurassic 203-196 million years ago,France,large theropod,6.2m,airelensis,https://www.nhm.ac.uk/discover/dino-directory/lophostropheus.html
151,lufengosaurus,herbivorous,Early Jurassic 200-195 million years ago,China,sauropod,6.0m,huenei,https://www.nhm.ac.uk/discover/dino-directory/lufengosaurus.html
152,lurdusaurus,herbivorous,Early Cretaceous 121-112 million years ago,Niger,euornithopod,9.0m,arenatus,https://www.nhm.ac.uk/discover/dino-directory/lurdusaurus.html
153,lycorhinus,herbivorous,Late Triassic 205-195 million years ago,South Africa,euornithopod,1.2m,angustidens,https://www.nhm.ac.uk/discover/dino-directory/lycorhinus.html
154,magyarosaurus,herbivorous,Late Cretaceous 71-65 million years ago,Romania,sauropod,5.0m,dacus,https://www.nhm.ac.uk/discover/dino-directory/magyarosaurus.html
155,maiasaura,herbivorous,Late Cretaceous 80-75 million years ago,USA,euornithopod,9.0m,peeblesorum,https://www.nhm.ac.uk/discover/dino-directory/maiasaura.html
156,majungasaurus,carnivorous,Late Cretaceous 84-71 million years ago,Madagascar,large theropod,6.0m,atopus,https://www.nhm.ac.uk/discover/dino-directory/majungasaurus.html
157,malawisaurus,herbivorous,Early Cretaceous 121-112 million years ago,Malawi,sauropod,9.0m,dixeyi,https://www.nhm.ac.uk/discover/dino-directory/malawisaurus.html
158,mamenchisaurus,herbivorous,Late Jurassic 155-145 million years ago,China,sauropod,22.0m,constructus,https://www.nhm.ac.uk/discover/dino-directory/mamenchisaurus.html
159,mapusaurus,carnivorous,Late Cretaceous 99-94 million years ago,Argentina,large theropod,13.0m,roseae,https://www.nhm.ac.uk/discover/dino-directory/mapusaurus.html
160,marshosaurus,carnivorous,Late Jurassic 154-142 million years ago,USA,large theropod,6.0m,bicentesimus,https://www.nhm.ac.uk/discover/dino-directory/marshosaurus.html
161,masiakasaurus,carnivorous,Late Cretaceous 84-71 million years ago,Madagascar,small theropod,2.0m,knopfleri,https://www.nhm.ac.uk/discover/dino-directory/masiakasaurus.html
162,massospondylus,omnivorous,Early Jurassic 208-204 million years ago,Zimbabwe,sauropod,4.0m,carinatus,https://www.nhm.ac.uk/discover/dino-directory/massospondylus.html
163,maxakalisaurus,herbivorous,Late Cretaceous 80 million years ago,Brazil,sauropod,13.0m,topai,https://www.nhm.ac.uk/discover/dino-directory/maxakalisaurus.html
164,megalosaurus,carnivorous,Mid Jurassic 170-155 million years ago,United Kingdom,large theropod,9.0m,bucklandii,https://www.nhm.ac.uk/discover/dino-directory/megalosaurus.html
165,melanorosaurus,omnivorous,Late Triassic 227-221 million years ago,South Africa,sauropod,12.0m,readi,https://www.nhm.ac.uk/discover/dino-directory/melanorosaurus.html
166,metriacanthosaurus,carnivorous,Late Jurassic 159-154 million years ago,United Kingdom,large theropod,8.2m,parkeri,https://www.nhm.ac.uk/discover/dino-directory/metriacanthosaurus.html
167,microceratus,herbivorous,Late Cretaceous 86-66 million years ago,Mongolia,ceratopsian,0.5m,gobiensis,https://www.nhm.ac.uk/discover/dino-directory/microceratus.html
168,micropachycephalosaurus,herbivorous,Late Cretaceous 84-71 million years ago,China,ceratopsian,0.6m,hongtuyanensis,https://www.nhm.ac.uk/discover/dino-directory/micropachycephalosaurus.html
169,microraptor,carnivorous,Early Cretaceous 125-122 million years ago,China,small theropod,0.8m,zhaoianus,https://www.nhm.ac.uk/discover/dino-directory/microraptor.html
170,minmi,herbivorous,Early Cretaceous 121-112 million years ago,Australia,armoured dinosaur,3.0m,paravertebra,https://www.nhm.ac.uk/discover/dino-directory/minmi.html
171,monolophosaurus,carnivorous,Mid Jurassic 180-159 million years ago,China,large theropod,5.7m,jiangi,https://www.nhm.ac.uk/discover/dino-directory/monolophosaurus.html
172,mononykus,unknown,Late Cretaceous 81-68 million years ago,Mongolia,small theropod,1.0m,olecranus,https://www.nhm.ac.uk/discover/dino-directory/mononykus.html
173,mussaurus,herbivorous,Late Triassic 221-210 million years ago,Argentina,sauropod,3.0m,patagonicus,https://www.nhm.ac.uk/discover/dino-directory/mussaurus.html
174,muttaburrasaurus,herbivorous,Early Cretaceous 110-100 million years ago,Australia,euornithopod,7.0m,langdoni,https://www.nhm.ac.uk/discover/dino-directory/muttaburrasaurus.html
175,nanshiungosaurus,omnivorous,Late Cretaceous 84-71 million years ago,China,large theropod,4.4m,brevispinus,https://www.nhm.ac.uk/discover/dino-directory/nanshiungosaurus.html
176,nedoceratops,herbivorous,Late Cretaceous 67-65 million years ago,USA,ceratopsian,7.0m,hatcheri,https://www.nhm.ac.uk/discover/dino-directory/nedoceratops.html
177,nemegtosaurus,herbivorous,Late Cretaceous 72-68 million years ago,Mongolia,sauropod,13.0m,mongoliensis,https://www.nhm.ac.uk/discover/dino-directory/nemegtosaurus.html
178,neovenator,carnivorous,Early Cretaceous 127-121 million years ago,United Kingdom,large theropod,7.4m,salerii,https://www.nhm.ac.uk/discover/dino-directory/neovenator.html
179,neuquenosaurus,herbivorous,Late Cretaceous 71-65 million years ago,Argentina,sauropod,10.0m,australis,https://www.nhm.ac.uk/discover/dino-directory/neuquenosaurus.html
180,nigersaurus,herbivorous,Early Cretaceous 121-99 million years ago,Tunisia,sauropod,15.0m,taqueti,https://www.nhm.ac.uk/discover/dino-directory/nigersaurus.html
181,noasaurus,carnivorous,Late Cretaceous 84-65 million years ago,Argentina,small theropod,1.0m,leali,https://www.nhm.ac.uk/discover/dino-directory/noasaurus.html
182,nodosaurus,herbivorous,Early Cretaceous 110-100 million years ago,USA,armoured dinosaur,5.0m,textilis,https://www.nhm.ac.uk/discover/dino-directory/nodosaurus.html
183,nomingia,omnivorous,Late Cretaceous 72-68 million years ago,Mongolia,small theropod,1.6m,gobiensis,https://www.nhm.ac.uk/discover/dino-directory/nomingia.html
184,nothronychus,omnivorous,Late Cretaceous 94-89 million years ago,USA,large theropod,5.3m,mckinleyi,https://www.nhm.ac.uk/discover/dino-directory/nothronychus.html
185,nqwebasaurus,carnivorous,Mid Jurassic 159-132 million years ago,South Africa,small theropod,1.0m,thwazi,https://www.nhm.ac.uk/discover/dino-directory/nqwebasaurus.html
186,omeisaurus,herbivorous,Mid Jurassic 169-159 million years ago,China,sauropod,20.0m,junghsiensis,https://www.nhm.ac.uk/discover/dino-directory/omeisaurus.html
187,opisthocoelicaudia,herbivorous,Late Cretaceous 72-68 million years ago,Mongolia,sauropod,12.0m,skarzynskii ,https://www.nhm.ac.uk/discover/dino-directory/opisthocoelicaudia.html
188,ornitholestes,carnivorous,Late Jurassic 150-144 million years ago,USA,small theropod,2.0m,hermanni,https://www.nhm.ac.uk/discover/dino-directory/ornitholestes.html
189,ornithomimus,omnivorous,Late Cretaceous 74-65 million years ago,USA,large theropod,4.0m,velox,https://www.nhm.ac.uk/discover/dino-directory/ornithomimus.html
190,orodromeus,herbivorous,Late Cretaceous 74 million years ago,USA,euornithopod,2.0m,makelai,https://www.nhm.ac.uk/discover/dino-directory/orodromeus.html
191,oryctodromeus,herbivorous,Late Cretaceous 99-94 million years ago,USA,euornithopod,2.1m,cubicularis,https://www.nhm.ac.uk/discover/dino-directory/oryctodromeus.html
192,othnielia,herbivorous,Late Jurassic 154-142 million years ago,USA,euornithopod,1.4m,rex,https://www.nhm.ac.uk/discover/dino-directory/othnielia.html
193,ouranosaurus,herbivorous,Early Cretaceous 115-100 million years ago,Niger,euornithopod,7.0m,nigeriensis,https://www.nhm.ac.uk/discover/dino-directory/ouranosaurus.html
194,oviraptor,omnivorous,Late Cretaceous 85-75 million years ago,Mongolia,small theropod,2.0m,philoceratops,https://www.nhm.ac.uk/discover/dino-directory/oviraptor.html
195,pachycephalosaurus,herbivorous,Late Cretaceous 76-65 million years ago,USA,euornithopod,8.0m,wyomingensis,https://www.nhm.ac.uk/discover/dino-directory/pachycephalosaurus.html
196,pachyrhinosaurus,herbivorous,Late Cretaceous 76-74 million years ago,Canada,ceratopsian,6.0m,canadensis,https://www.nhm.ac.uk/discover/dino-directory/pachyrhinosaurus.html
197,panoplosaurus,herbivorous,Late Cretaceous 79-75 million years ago,USA,armoured dinosaur,7.0m,mirus,https://www.nhm.ac.uk/discover/dino-directory/panoplosaurus.html
198,pantydraco,herbivorous,Early Jurassic,Wales,euornithopod,3.0m,caducus,https://www.nhm.ac.uk/discover/dino-directory/pantydraco.html
199,paralititan,herbivorous,Late Cretaceous 99-94 million years ago,Egypt,sauropod,28.0m,stromeri,https://www.nhm.ac.uk/discover/dino-directory/paralititan.html
200,parasaurolophus,herbivorous,Late Cretaceous 76-74 million years ago,USA,euornithopod,11.0m,walkeri,https://www.nhm.ac.uk/discover/dino-directory/parasaurolophus.html
201,parksosaurus,herbivorous,Late Cretaceous 76-74 million years ago,Canada,euornithopod,3.0m,warrenae,https://www.nhm.ac.uk/discover/dino-directory/parksosaurus.html
202,patagosaurus,herbivorous,Mid Jurassic 164-159 million years ago,Argentina,sauropod,18.0m,fariasi,https://www.nhm.ac.uk/discover/dino-directory/patagosaurus.html
203,pelicanimimus,carnivorous,Early Cretaceous 127-121 million years ago,Spain,small theropod,2.0m,polyodon,https://www.nhm.ac.uk/discover/dino-directory/pelicanimimus.html
204,pelorosaurus,herbivorous,Early Cretaceous 125 million years ago,United Kingdom,sauropod,25.0m,conybearei,https://www.nhm.ac.uk/discover/dino-directory/pelorosaurus.html
205,pentaceratops,herbivorous,Late Cretaceous 76-74 million years ago,USA,ceratopsian,6.8m,sternbergi,https://www.nhm.ac.uk/discover/dino-directory/pentaceratops.html
206,piatnitzkysaurus,carnivorous,Late Jurassic 164-159 million years ago,Argentina,large theropod,4.2m,floresi,https://www.nhm.ac.uk/discover/dino-directory/piatnitzkysaurus.html
207,pinacosaurus,herbivorous,Late Cretaceous 81-75 million years ago,Mongolia,armoured dinosaur,5.0m,grangeri,https://www.nhm.ac.uk/discover/dino-directory/pinacosaurus.html
208,plateosaurus,herbivorous,Late Triassic 210 million years ago,Switzerland,sauropod,7.0m,engelhardti,https://www.nhm.ac.uk/discover/dino-directory/plateosaurus.html
209,podokesaurus,carnivorous,Mid Jurassic 195-180 million years ago,USA,small theropod,0.9m,holyokensis,https://www.nhm.ac.uk/discover/dino-directory/podokesaurus.html
210,poekilopleuron,carnivorous,Mid Jurassic 169-164 million years ago,France,large theropod,9.0m,bucklandii,https://www.nhm.ac.uk/discover/dino-directory/poekilopleuron.html
211,polacanthus,herbivorous,Early Cretaceous 125 million years ago,United Kingdom,armoured dinosaur,5.0m,foxii,https://www.nhm.ac.uk/discover/dino-directory/polacanthus.html
212,prenocephale,herbivorous,Late Cretaceous 80-65 million years ago,Mongolia,euornithopod,2.4m,prenes,https://www.nhm.ac.uk/discover/dino-directory/prenocephale.html
213,probactrosaurus,herbivorous,Early Cretaceous 121-99 million years ago,China,euornithopod,6.0m,gobiensis,https://www.nhm.ac.uk/discover/dino-directory/probactrosaurus.html
214,proceratosaurus,carnivorous,Mid Jurassic 169-164 million years ago,United Kingdom,small theropod,4.1m,bradleyi,https://www.nhm.ac.uk/discover/dino-directory/proceratosaurus.html
215,procompsognathus,carnivorous,Late Triassic 221-210 million years ago,Germany,small theropod,1.0m,triassicus,https://www.nhm.ac.uk/discover/dino-directory/procompsognathus.html
216,prosaurolophus,herbivorous,Late Cretaceous 77-75 million years ago,USA,euornithopod,7.6m,maximus,https://www.nhm.ac.uk/discover/dino-directory/prosaurolophus.html
217,protarchaeopteryx,carnivorous,Early Cretaceous 122-120 million years ago,China,small theropod,2.0m,robusta,https://www.nhm.ac.uk/discover/dino-directory/protarchaeopteryx.html
218,protoceratops,herbivorous,Late Cretaceous 74-70 million years ago,Mongolia,ceratopsian,1.8m,andrewsi,https://www.nhm.ac.uk/discover/dino-directory/protoceratops.html
219,protohadros,herbivorous,Late Cretaceous 99-94 million years ago,USA,euornithopod,6.0m,byrdi,https://www.nhm.ac.uk/discover/dino-directory/protohadros.html
220,psittacosaurus,herbivorous,Early Cretaceous 120-100 million years ago,Russia,ceratopsian,2.0m,mongoliensis,https://www.nhm.ac.uk/discover/dino-directory/psittacosaurus.html
221,quaesitosaurus,herbivorous,Late Cretaceous 86-84 million years ago,Mongolia,sauropod,23.0m,orientalis,https://www.nhm.ac.uk/discover/dino-directory/quaesitosaurus.html
222,rebbachisaurus,herbivorous,Early Cretaceous 112-99 million years ago,Morocco,sauropod,20.0m,garasbae,https://www.nhm.ac.uk/discover/dino-directory/rebbachisaurus.html
223,rhabdodon,herbivorous,Late Cretaceous 76-70 million years ago,Spain,euornithopod,4.0m,priscus,https://www.nhm.ac.uk/discover/dino-directory/rhabdodon.html
224,rhoetosaurus,herbivorous,Mid Jurassic 177-169 million years ago,Australia,sauropod,15.0m,brownei,https://www.nhm.ac.uk/discover/dino-directory/rhoetosaurus.html
225,rinchenia,omnivorous,Late Cretaceous 72-68 million years ago,Mongolia,small theropod,2.5m,mongoliensis,https://www.nhm.ac.uk/discover/dino-directory/rinchenia.html
226,riojasaurus,herbivorous/omnivorous,Late Triassic 221-210 million years ago,Argentina,sauropod,5.15m,incertus,https://www.nhm.ac.uk/discover/dino-directory/riojasaurus.html
227,rugops,carnivorous,Late Cretaceous 95 million years ago,Niger,large theropod,7.0m,primus,https://www.nhm.ac.uk/discover/dino-directory/rugops.html
228,saichania,herbivorous,Late Cretaceous 80 million years ago,Mongolia,armoured dinosaur,6.6m,chulsanensis,https://www.nhm.ac.uk/discover/dino-directory/saichania.html
229,saltasaurus,herbivorous,Late Cretaceous 70-65 million years ago,Argentina,sauropod,12.0m,loricatus,https://www.nhm.ac.uk/discover/dino-directory/saltasaurus.html
230,sarcosaurus,carnivorous,Early Jurassic 202-195 million years ago,United Kingdom,small theropod,3.0m,woodi,https://www.nhm.ac.uk/discover/dino-directory/sarcosaurus.html
231,saurolophus,herbivorous,Late Cretaceous 74-70 million years ago,Mongolia,euornithopod,9.0m,osborni,https://www.nhm.ac.uk/discover/dino-directory/saurolophus.html
232,sauropelta,herbivorous,Early Cretaceous 121-94 million years ago,USA,armoured dinosaur,6.5m,edwardsorum,https://www.nhm.ac.uk/discover/dino-directory/sauropelta.html
233,saurophaganax,carnivorous,Late Jurassic 154-142 million years ago,USA,large theropod,12.0m,maximus,https://www.nhm.ac.uk/discover/dino-directory/saurophaganax.html
234,saurornithoides,carnivorous,Late Cretaceous 85-80 million years ago,Mongolia,small theropod,3.0m,mongoliensis,https://www.nhm.ac.uk/discover/dino-directory/saurornithoides.html
235,scelidosaurus,herbivorous,Early Jurassic 208-194 million years ago,United Kingdom,armoured dinosaur,4.0m,harrisonii,https://www.nhm.ac.uk/discover/dino-directory/scelidosaurus.html
236,scutellosaurus,herbivorous,Early Jurassic 205-202 million years ago,USA,armoured dinosaur,1.2m,lawleri,https://www.nhm.ac.uk/discover/dino-directory/scutellosaurus.html
237,secernosaurus,herbivorous,Late Cretaceous 71-65 million years ago,Argentina,euornithopod,3.0m,koerneri,https://www.nhm.ac.uk/discover/dino-directory/secernosaurus.html
238,segisaurus,carnivorous,Mid Jurassic 195-180 million years ago,USA,small theropod,1.5m,halli,https://www.nhm.ac.uk/discover/dino-directory/segisaurus.html
239,segnosaurus,carnivorous,Late Cretaceous 97-88 million years ago,Mongolia,large theropod,4.0m,galbinensis,https://www.nhm.ac.uk/discover/dino-directory/segnosaurus.html
240,shanag,carnivorous,Early Cretaceous 126-142 million years ago,Mongolia,small theropod,0.45m,ashile,https://www.nhm.ac.uk/discover/dino-directory/shanag.html
241,shantungosaurus,herbivorous,Late Cretaceous 78-74 million years ago,China,euornithopod,15.0m,giganteus,https://www.nhm.ac.uk/discover/dino-directory/shantungosaurus.html
242,shunosaurus,herbivorous,Mid Jurassic 170-160 million years ago,China,sauropod,10.0m,lii,https://www.nhm.ac.uk/discover/dino-directory/shunosaurus.html
243,shuvuuia,omnivorous,Late Cretaceous 75-81 million years ago,Mongolia,small theropod,0.6m,deserti,https://www.nhm.ac.uk/discover/dino-directory/shuvuuia.html
244,silvisaurus,herbivorous,Early Cretaceous 121-112 million years ago,USA,armoured dinosaur,4.0m,condrayi,https://www.nhm.ac.uk/discover/dino-directory/silvisaurus.html
245,sinocalliopteryx,carnivorous,Early Cretaceous 125 million years ago,China,small theropod,2.37m,gigas,https://www.nhm.ac.uk/discover/dino-directory/sinocalliopteryx.html
246,sinornithosaurus,carnivorous,Early Cretaceous 122-120 million years ago,China,small theropod,2.0m,millenii,https://www.nhm.ac.uk/discover/dino-directory/sinornithosaurus.html
247,sinosauropteryx,carnivorous,Early Cretaceous 122-120 million years ago,China,small theropod,1.0m,prima,https://www.nhm.ac.uk/discover/dino-directory/sinosauropteryx.html
248,sinovenator,carnivorous,Early Cretaceous 127-121 million years ago,China,small theropod,1.0m,changii,https://www.nhm.ac.uk/discover/dino-directory/sinovenator.html
249,sinraptor,carnivorous,Mid Jurassic 169-142 million years ago,China,large theropod,7.6m,hepingensis,https://www.nhm.ac.uk/discover/dino-directory/sinraptor.html
250,sonidosaurus,herbivorous,Late Cretaceous 89-65 million years ago,China,sauropod,9.0m,saihangaobiensis,https://www.nhm.ac.uk/discover/dino-directory/sonidosaurus.html
251,spinosaurus,carnivorous,Late Cretaceous 95-70 million years ago,Morocco,large theropod,18.0m,aegyptiacus,https://www.nhm.ac.uk/discover/dino-directory/spinosaurus.html
252,staurikosaurus,carnivorous,Late Triassic 227-221 million years ago,Brazil,large theropod,2.0m,pricei,https://www.nhm.ac.uk/discover/dino-directory/staurikosaurus.html
253,stegoceras,herbivorous,Late Cretaceous 76-74 million years ago,USA,euornithopod,2.4m,validum,https://www.nhm.ac.uk/discover/dino-directory/stegoceras.html
254,stegosaurus,herbivorous,Late Jurassic 155-145 million years ago,USA,armoured dinosaur,9.0m,armatus,https://www.nhm.ac.uk/discover/dino-directory/stegosaurus.html
255,stenopelix,herbivorous,Early Cretaceous 127-121 million years ago,Germany,ceratopsian,1.5m,valdensis,https://www.nhm.ac.uk/discover/dino-directory/stenopelix.html
256,struthiomimus,omnivorous,Late Cretaceous 76-74 million years ago,Canada,small theropod,4.0m,altus,https://www.nhm.ac.uk/discover/dino-directory/struthiomimus.html
257,struthiosaurus,herbivorous,Late Cretaceous 83-75 million years ago,Spain,armoured dinosaur,2.5m,austriacus,https://www.nhm.ac.uk/discover/dino-directory/struthiosaurus.html
258,styracosaurus,herbivorous,Late Cretaceous 76-70 million years ago,USA,ceratopsian,5.5m,albertensis,https://www.nhm.ac.uk/discover/dino-directory/styracosaurus.html
259,suchomimus,carnivorous,Early Cretaceous 121-112 million years ago,Niger,large theropod,11.0m,tenerensis,https://www.nhm.ac.uk/discover/dino-directory/suchomimus.html
260,supersaurus,herbivorous,Early Cretaceous 154-142 million years ago,USA,sauropod,35.0m,vivianae,https://www.nhm.ac.uk/discover/dino-directory/supersaurus.html
261,talarurus,herbivorous,Late Cretaceous 99-89 million years ago,Mongolia,armoured dinosaur,6.0m,plicatospineus,https://www.nhm.ac.uk/discover/dino-directory/talarurus.html
262,tarbosaurus,carnivorous,Late Cretaceous 74-70 million years ago,Mongolia,large theropod,10.0m,bataar,https://www.nhm.ac.uk/discover/dino-directory/tarbosaurus.html
263,tarchia,herbivorous,Late Cretaceous 75-68 million years ago,Mongolia,armoured dinosaur,8.5m,gigantea,https://www.nhm.ac.uk/discover/dino-directory/tarchia.html
264,telmatosaurus,herbivorous,Late Cretaceous 84-65 million years ago,Spain,euornithopod,5.0m,transsylvanicus,https://www.nhm.ac.uk/discover/dino-directory/telmatosaurus.html
265,tenontosaurus,herbivorous,Early Cretaceous 120-110 million years ago,USA,euornithopod,7.0m,tillettorum,https://www.nhm.ac.uk/discover/dino-directory/tenontosaurus.html
266,thecodontosaurus,omnivorous,Late Triassic 227-205 million years ago,United Kingdom,sauropod,2.5m,antiquus,https://www.nhm.ac.uk/discover/dino-directory/thecodontosaurus.html
267,thescelosaurus,herbivorous,Late Cretaceous 76-67 million years ago,USA,euornithopod,3.5m,neglectus,https://www.nhm.ac.uk/discover/dino-directory/thescelosaurus.html
268,torosaurus,herbivorous,Late Cretaceous 70-65 million years ago,USA,ceratopsian,7.5m,latus,https://www.nhm.ac.uk/discover/dino-directory/torosaurus.html
269,torvosaurus,carnivorous,Late Jurassic 155-144 million years ago,USA,large theropod,10.0m,tanneri,https://www.nhm.ac.uk/discover/dino-directory/torvosaurus.html
270,triceratops,herbivorous,Late Cretaceous 68-66 million years ago,USA,ceratopsian,9.0m,horridus,https://www.nhm.ac.uk/discover/dino-directory/triceratops.html
271,troodon,carnivorous,Late Cretaceous 74-65 million years ago,USA,small theropod,2.0m,formosus,https://www.nhm.ac.uk/discover/dino-directory/troodon.html
272,tsintaosaurus,herbivorous,Late Cretaceous 84-71 million years ago,China,euornithopod,12.0m,spinorhinus,https://www.nhm.ac.uk/discover/dino-directory/tsintaosaurus.html
273,tuojiangosaurus,herbivorous,Late Jurassic 157-154 million years ago,China,armoured dinosaur,7.0m,multispinus,https://www.nhm.ac.uk/discover/dino-directory/tuojiangosaurus.html
274,tylocephale,herbivorous,Late Cretaceous 75-72 million years ago,Mongolia,euornithopod,1.4m,gilmorei,https://www.nhm.ac.uk/discover/dino-directory/tylocephale.html
275,tyrannosaurus,carnivorous,Late Cretaceous 68-66 million years ago,USA,large theropod,12.0m,rex,https://www.nhm.ac.uk/discover/dino-directory/tyrannosaurus.html
276,unenlagia,carnivorous,Late Cretaceous 94-86 million years ago,Argentina,small theropod,2.4m,comahuensis,https://www.nhm.ac.uk/discover/dino-directory/unenlagia.html
277,urbacodon,carnivorous,Late Cretaceous 95 million years ago,Uzbekistan,small theropod,1.0m,itemirensis,https://www.nhm.ac.uk/discover/dino-directory/urbacodon.html
278,utahraptor,carnivorous,Early Cretaceous 112-100 million years ago,USA,large theropod,6.0m,ostrommaysorum,https://www.nhm.ac.uk/discover/dino-directory/utahraptor.html
279,valdosaurus,herbivorous,Early Cretaceous 142-121 million years ago,United Kingdom,euornithopod,3.0m,canaliculatus,https://www.nhm.ac.uk/discover/dino-directory/valdosaurus.html
280,velociraptor,carnivorous,Late Cretaceous 74-70 million years ago,Mongolia,small theropod,1.8m,mongoliensis,https://www.nhm.ac.uk/discover/dino-directory/velociraptor.html
281,vulcanodon,herbivorous,Early Jurassic 205-202 million years ago,Zimbabwe,sauropod,6.5m,karibaensis,https://www.nhm.ac.uk/discover/dino-directory/vulcanodon.html
282,yandusaurus,herbivorous,Mid Jurassic 169-159 million years ago,China,euornithopod,3.0m,hongheensis,https://www.nhm.ac.uk/discover/dino-directory/yandusaurus.html
283,yangchuanosaurus,carnivorous,Late Jurassic 160-144 million years ago,China,large theropod,10.0m,shangyouensis,https://www.nhm.ac.uk/discover/dino-directory/yangchuanosaurus.html
284,yimenosaurus,herbivorous,Early Jurassic 195-190 million years ago,China,sauropod,9.0m,youngi,https://www.nhm.ac.uk/discover/dino-directory/yimenosaurus.html
285,yinlong,herbivorous,Mid Jurassic 159-154 million years ago,China,ceratopsian,1.2m,downsi,https://www.nhm.ac.uk/discover/dino-directory/yinlong.html
286,yuanmousaurus,herbivorous,Mid Jurassic 180-159 million years ago,China,sauropod,17.0m,jiangyiensis,https://www.nhm.ac.uk/discover/dino-directory/yuanmousaurus.html
287,yunnanosaurus,omnivorous,Early Jurassic 205-190 million years ago,China,sauropod,7.0m,huangi,https://www.nhm.ac.uk/discover/dino-directory/yunnanosaurus.html
288,zalmoxes,herbivorous,Late Cretaceous 69 million years ago,Romania,euornithopod,3.0m,robustus,https://www.nhm.ac.uk/discover/dino-directory/zalmoxes.html
289,zephyrosaurus,herbivorous,Early Cretaceous 120-110 million years ago,USA,euornithopod,1.8m,schaffi,https://www.nhm.ac.uk/discover/dino-directory/zephyrosaurus.html
